campaign,brand,ad_group,keyword_nl,keyword_en_origineel,match_type,intent,priority,notes
B1-NL-Lovable,Lovable,AG-LOV-NL-Hire,lovable app repareren,fix lovable app,Phrase,Hire,P1,"'repareren' = to repair. Dan tu chuan NL."
B1-NL-Lovable,Lovable,AG-LOV-NL-Hire,lovable developer inhuren,lovable developer for hire,Phrase,Hire,P1,"'inhuren' = to hire. Cach noi thuong mai nhat."
B1-NL-Lovable,Lovable,AG-LOV-NL-Hire,lovable developer gezocht,hire lovable developer,Exact,Hire,P1,"'gezocht' = wanted. CANH BAO: cung la cach viet tin tuyen dung -> can negative 'vacature'."
B1-NL-Lovable,Lovable,AG-LOV-NL-Hire,lovable developer nederland,lovable developer,Phrase,Hire,P1,"Them 'nederland' de tranh trung voi bo tieng Anh."
B1-NL-Lovable,Lovable,AG-LOV-NL-Hire,lovable app laten ontwikkelen,lovable app development service,Phrase,Hire,P1,"'laten ontwikkelen' = have developed."
B1-NL-Lovable,Lovable,AG-LOV-NL-Hire,lovable app naar productie brengen,take my lovable app to production,Phrase,Service,P1,"BAT BUOC ap negative san xuat §9.6 - 'naar productie' trung nganh co khi."
B1-NL-Lovable,Lovable,AG-LOV-NL-Hire,lovable app productieklaar maken,lovable app production ready,Phrase,Service,P1,"'productieklaar' = production-ready."
B1-NL-Lovable,Lovable,AG-LOV-NL-Hire,mijn lovable app laten afmaken,finish my lovable app,Phrase,Service,P2,"Khop pitch nhat trong nhom."
B1-NL-Lovable,Lovable,AG-LOV-NL-Hire,lovable audit laten uitvoeren,lovable audit service,Phrase,Service,P1,"'laten uitvoeren' = have performed."
B1-NL-Lovable,Lovable,AG-LOV-NL-Hire,lovable beveiligingsaudit,lovable security audit,Phrase,Service,P1,"'beveiligingsaudit' = security audit. Tu ghep chuan NL."
B1-NL-Lovable,Lovable,AG-LOV-NL-Hire,lovable app bureau,lovable app agency,Phrase,Hire,P2,"'bureau' = agency."
B1-NL-Lovable,Lovable,AG-LOV-NL-Hire,lovable freelancer,lovable freelancer,Phrase,Hire,P2,"'freelancer' giu nguyen trong tieng NL."
B1-NL-Lovable,Lovable,AG-LOV-NL-Problem,lovable app werkt niet,lovable app not working,Phrase,Fix,P2,"'werkt niet' = not working. Cach noi tu nhien nhat."
B1-NL-Lovable,Lovable,AG-LOV-NL-Problem,lovable deployment mislukt,lovable deployment failed,Phrase,Fix,P2,"'mislukt' = failed. 'deployment' giu nguyen - dev NL khong dich tu nay."
B1-NL-Lovable,Lovable,AG-LOV-NL-Problem,lovable preview versus productie,lovable preview vs production,Phrase,Fix,P2,"'versus' dung ca trong NL."
B1-NL-Lovable,Lovable,AG-LOV-NL-Problem,lovable eigen domein werkt niet,lovable custom domain not working,Phrase,Fix,P2,"'eigen domein' = own/custom domain."
B1-NL-Lovable,Lovable,AG-LOV-NL-Problem,lovable stripe integratie,lovable stripe integration,Phrase,Fix,P1,"'integratie' = integration."
B1-NL-Lovable,Lovable,AG-LOV-NL-Problem,lovable inloggen werkt niet,lovable login not working,Phrase,Fix,P2,"'inloggen' = to log in."
B1-NL-Lovable,Lovable,AG-LOV-NL-Problem,lovable supabase rls,lovable supabase rls,Phrase,Security,P2,"KHONG dich - RLS la thuat ngu ky thuat."
B1-NL-Lovable,Lovable,AG-LOV-NL-Problem,is lovable veilig,is lovable secure,Phrase,Research,P2,"'veilig' = safe/secure."
B1-NL-Lovable,Lovable,AG-LOV-NL-Problem,lovable werkt niet,lovable not working,Phrase,Fix,P2,"Ngan hon - de lan voi nghia tinh tu. Chi Phrase."
B1-NL-Lovable,Lovable,AG-LOV-NL-Problem,lovable stripe werkt niet,lovable stripe not working,Phrase,Fix,P1,"Bien the cu the hon."
B1-NL-Lovable,Lovable,AG-LOV-NL-Problem,lovable beveiligingslekken,lovable security vulnerabilities,Phrase,Research,P2,"'beveiligingslekken' = security leaks/holes."
B1-NL-Lovable,Lovable,AG-LOV-NL-Migrate,weg van lovable,migrate off lovable,Phrase,Decision,P1,"'weg van' = away from. TRUNG voi bo NL cu - chon 1 chien dich."
B1-NL-Lovable,Lovable,AG-LOV-NL-Migrate,lovable migratie laten uitvoeren,lovable migration service,Phrase,Service,P1,"'migratie' = migration."
B1-NL-Lovable,Lovable,AG-LOV-NL-Migrate,lovable tanstack migratie,lovable tanstack migration,Phrase,Service,P1,"TanStack giu nguyen - ten cong nghe."
B1-NL-Lovable,Lovable,AG-LOV-NL-Migrate,lovable naar tanstack migreren,migrate lovable to tanstack,Phrase,Service,P1,"'migreren' = to migrate."
B1-NL-Lovable,Lovable,AG-LOV-NL-Migrate,lovable ssr upgrade,lovable ssr upgrade,Phrase,Service,P1,"KHONG dich - SSR va upgrade la thuat ngu ky thuat."
B1-NL-Lovable,Lovable,AG-LOV-NL-Migrate,lovable code exporteren,lovable export code,Phrase,How-to,P2,"'exporteren' = to export."
B1-NL-Lovable,Lovable,AG-LOV-NL-Migrate,lovable app zelf hosten,self host lovable app,Phrase,Decision,P2,"'zelf hosten' = self-host."
B1-NL-Lovable,Lovable,AG-LOV-NL-Migrate,lovable naar nextjs,lovable to nextjs,Phrase,How-to,P2,"Ten framework giu nguyen."
B1-NL-Lovable,Lovable,AG-LOV-NL-Migrate,lovable alternatief,lovable alternative,Phrase,Decision,P2,"'alternatief' = alternative."
B2-NL-Bolt,Bolt,AG-BOLT-NL-Hire,bolt new app repareren,fix bolt new app,Phrase,Hire,P1,"LUON kem 'new'."
B2-NL-Bolt,Bolt,AG-BOLT-NL-Hire,bolt new developer inhuren,hire bolt new developer,Exact,Hire,P1,"Exact match de kiem soat toi da."
B2-NL-Bolt,Bolt,AG-BOLT-NL-Hire,bolt new developer nederland,bolt new developer,Phrase,Hire,P1,"Them geo de tranh trung bo tieng Anh."
B2-NL-Bolt,Bolt,AG-BOLT-NL-Hire,bolt new naar productie,bolt new to production,Phrase,Service,P1,"BAT BUOC ap negative san xuat §9.6."
B2-NL-Bolt,Bolt,AG-BOLT-NL-Hire,bolt new app productieklaar,bolt new app production ready,Phrase,Service,P1,"'productieklaar' = production-ready."
B2-NL-Bolt,Bolt,AG-BOLT-NL-Hire,bolt new bureau,bolt new agency,Phrase,Hire,P2,"'bureau' = agency."
B2-NL-Bolt,Bolt,AG-BOLT-NL-Hire,app gebouwd met bolt new laten afmaken,fix bolt app,Phrase,Service,P1,"THAY THE 'bolt app repareren' - cum dai nay loai taxi tot hon."
B2-NL-Bolt,Bolt,AG-BOLT-NL-Hire,bolt new app developer,bolt app developer,Exact,Hire,P3,"🔴 RUI RO CAO. Exact only. Xem canh bao §5.2."
B2-NL-Bolt,Bolt,AG-BOLT-NL-Problem,bolt new werkt niet,bolt new not working,Phrase,Fix,P2,"'werkt niet' = not working."
B2-NL-Bolt,Bolt,AG-BOLT-NL-Problem,bolt new preview versus productie,bolt new preview vs production,Phrase,Fix,P2,"Noi dau dac trung cua WebContainer."
B2-NL-Bolt,Bolt,AG-BOLT-NL-Problem,bolt new productiefout,bolt new production error,Phrase,Fix,P2,"'productiefout' = production error."
B2-NL-Bolt,Bolt,AG-BOLT-NL-Problem,bolt new deployment,bolt new deployment,Phrase,Fix,P2,"KHONG dich - dev NL dung nguyen 'deployment'."
B2-NL-Bolt,Bolt,AG-BOLT-NL-Problem,bolt new deploy foutmelding,bolt new deploy error,Phrase,Fix,P2,"'foutmelding' = error message."
B2-NL-Bolt,Bolt,AG-BOLT-NL-Problem,bolt new omgevingsvariabelen,bolt new environment variables,Phrase,Fix,P2,"'omgevingsvariabelen' = environment variables. Dev NL dung ca 2 cach."
B2-NL-Bolt,Bolt,AG-BOLT-NL-Problem,bolt new cors foutmelding,bolt new cors error,Phrase,Fix,P3,"CORS giu nguyen."
B2-NL-Bolt,Bolt,AG-BOLT-NL-Problem,bolt new bundel te groot,bolt new bundle too large,Phrase,Fix,P3,"'bundel te groot' = bundle too large."
B2-NL-Bolt,Bolt,AG-BOLT-NL-Problem,bolt new netlify deployen,bolt new netlify deploy,Phrase,Fix,P3,"'deployen' = dong tu NL hoa tu 'deploy'."
B2-NL-Bolt,Bolt,AG-BOLT-NL-Problem,bolt new supabase,bolt new supabase,Phrase,How-to,P3,"Ten san pham giu nguyen."
B2-NL-Bolt,Bolt,AG-BOLT-NL-Problem,bolt new stripe,bolt new stripe,Phrase,How-to,P3,"Ten san pham giu nguyen."
B2-NL-Bolt,Bolt,AG-BOLT-NL-Problem,bolt new eigen domein,bolt new custom domain,Phrase,Fix,P3,"'eigen domein' = custom domain."
B2-NL-Bolt,Bolt,AG-BOLT-NL-Problem,bolt new witte pagina,bolt new blank page,Phrase,Fix,P3,"'witte pagina' = white/blank page. Thanh ngu NL dung cho loi nay."
B2-NL-Bolt,Bolt,AG-BOLT-NL-Problem,bolt new code exporteren,bolt new export code,Phrase,How-to,P2,"'exporteren' = to export."
B2-NL-Bolt,Bolt,AG-BOLT-NL-Problem,bolt new token limiet,bolt new token limit,Phrase,Cost,P3,"'limiet' = limit."
B2-NL-Bolt,Bolt,AG-BOLT-NL-Problem,bolt new beveiliging,bolt new security,Phrase,Security,P2,"'beveiliging' = security."
B3-NL-Replit,Replit,AG-REP-NL-Hire,replit app repareren,fix replit app,Phrase,Hire,P1,"'repareren' = to repair."
B3-NL-Replit,Replit,AG-REP-NL-Hire,replit developer inhuren,replit developer for hire,Phrase,Hire,P1,"'inhuren' = to hire."
B3-NL-Replit,Replit,AG-REP-NL-Hire,replit developer gezocht,hire replit developer,Exact,Hire,P1,"Can negative 'vacature' - de lan tin tuyen dung."
B3-NL-Replit,Replit,AG-REP-NL-Hire,replit app naar productie,replit app to production,Phrase,Service,P1,"BAT BUOC ap negative san xuat §9.6."
B3-NL-Replit,Replit,AG-REP-NL-Hire,replit app developer nederland,replit app developer,Phrase,Hire,P2,"Them geo de tranh trung."
B3-NL-Replit,Replit,AG-REP-NL-Hire,replit bureau,replit agency,Phrase,Hire,P2,"'bureau' = agency. Ban EN co volume 210 - dang kiem chung."
B3-NL-Replit,Replit,AG-REP-NL-Hire,replit productieklaar,replit production ready,Phrase,Service,P1,"'productieklaar' = production-ready."
B3-NL-Replit,Replit,AG-REP-NL-Problem,replit app werkt niet,replit app not working,Phrase,Fix,P2,"'werkt niet' = not working."
B3-NL-Replit,Replit,AG-REP-NL-Problem,replit deployment mislukt,replit deployment failed,Phrase,Fix,P2,"'mislukt' = failed."
B3-NL-Replit,Replit,AG-REP-NL-Problem,replit deployment foutmelding,replit deployment error,Phrase,Fix,P2,"'foutmelding' = error message."
B3-NL-Replit,Replit,AG-REP-NL-Problem,replit database verbindingsfout,replit database connection error,Phrase,Fix,P2,"'verbindingsfout' = connection error."
B3-NL-Replit,Replit,AG-REP-NL-Problem,replit agent werkt niet,replit agent not working,Phrase,Fix,P3,"'agent' giu nguyen - ten tinh nang."
B3-NL-Replit,Replit,AG-REP-NL-Problem,replit secrets werken niet,replit secrets not working,Phrase,Fix,P3,"'secrets' giu nguyen - ten tinh nang Replit."
B3-NL-Replit,Replit,AG-REP-NL-Problem,replit eigen domein,replit custom domain,Phrase,Fix,P3,"'eigen domein' = custom domain."
B3-NL-Replit,Replit,AG-REP-NL-Problem,replit beveiliging,replit security,Phrase,Security,P2,"'beveiliging' = security."
B3-NL-Replit,Replit,AG-REP-NL-Problem,replit werkt niet,replit not working,Phrase,Fix,P3,"Ngan - chi Phrase."
B3-NL-Replit,Replit,AG-REP-NL-Problem,replit agent loopt vast,replit agent stuck,Phrase,Fix,P3,"'loopt vast' = gets stuck/hangs. Thanh ngu NL."
B3-NL-Replit,Replit,AG-REP-NL-Problem,replit app is langzaam,replit app slow,Phrase,Fix,P3,"'langzaam' = slow."
B3-NL-Replit,Replit,AG-REP-NL-Problem,replit app crasht,replit app crashes,Phrase,Fix,P3,"'crasht' = crashes. Dong tu NL hoa."
B3-NL-Replit,Replit,AG-REP-NL-Cost,replit reserved vm kosten,replit reserved vm cost,Phrase,Cost,P1,"'kosten' = cost. Reserved VM giu nguyen - ten goi dich vu."
B3-NL-Replit,Replit,AG-REP-NL-Cost,replit autoscale versus reserved vm,replit autoscale vs reserved vm,Phrase,Decision,P1,"Ten goi dich vu giu nguyen."
B3-NL-Replit,Replit,AG-REP-NL-Cost,replit deployment kosten,replit deployment cost,Phrase,Cost,P1,"'kosten' = cost."
B3-NL-Replit,Replit,AG-REP-NL-Cost,replit te duur,replit pricing too expensive,Phrase,Cost,P1,"'te duur' = too expensive. Trigger roi bo manh nhat."
B3-NL-Replit,Replit,AG-REP-NL-Cost,weg van replit,migrate off replit,Phrase,Decision,P1,"TRUNG voi bo NL cu - chon 1 chien dich."
B3-NL-Replit,Replit,AG-REP-NL-Cost,replit naar vercel exporteren,replit export to vercel,Phrase,How-to,P2,"Ten nen tang giu nguyen."
B3-NL-Replit,Replit,AG-REP-NL-Cost,replit code exporteren,replit export code,Phrase,How-to,P2,"'exporteren' = to export."
B3-NL-Replit,Replit,AG-REP-NL-Cost,replit hosting kosten,replit hosting cost,Phrase,Cost,P2,"'hosting' giu nguyen."
B3-NL-Replit,Replit,AG-REP-NL-Cost,replit alternatief voor productie,replit alternative production,Phrase,Decision,P2,"'alternatief' = alternative."
B3-NL-Replit,Replit,AG-REP-NL-Cost,replit app naar eigen server,move replit app to own server,Phrase,Service,P1,"'eigen server' = own server."
